image,title,url,image_urls
,THIS IS WHAT TODAY'S MASSIVE PROTEST FOR NET NEUTRALITY ACTUALLY LOOKS LIKE. IT'S AWESOME.EVANFFTF,http://imgur.com/a/vYVet,http://imgur.com/a/vYVet
,KIND PARKING TICKETGUARDONTHERIGHT,https://imgur.com/mgnp2hs,https://imgur.com/mgnp2hs
,MOON OVER A LAKEHARVEYBIGB,https://imgur.com/5plGQR6,https://imgur.com/5plGQR6
,SAME DIFFERENCELOLEXAVELL,http://imgur.com/a/9jx3i,http://imgur.com/a/9jx3i
,SIGNING LIKE EMINEM!DEVIOUS_DAVIS,https://imgur.com/Oio9cZD,https://imgur.com/Oio9cZD
,THESE CLOUDS YESTERDAYJOROGASM,https://imgur.com/se8nEmT,https://imgur.com/se8nEmT
,SUNSET IN KYOTOPLUVIALIS,http://imgur.com/xHyp8pm,http://imgur.com/xHyp8pm
,MY FRIEND THAT COMES AT NIGHT...CRUMBBELLY,https://imgur.com/jYl48rj,https://imgur.com/jYl48rj
,BRUSIO VIADUCTTHEREDDITLIFECHOSEME,http://i.imgur.com/F0GAk8F.jpg,http://i.imgur.com/F0GAk8F.jpg
,HUGE CLOUDS OF SMOKE DRIFT OVER NAPLES FROM FIRES ON MOUNT VESUVIUSSIMULATIONME,http://imgur.com/wZWnsBz,http://imgur.com/wZWnsBz
,THE IRONY...22VORTEX22,https://imgur.com/v02Nb1c,https://imgur.com/v02Nb1c
,JOIN THE BATTLE FOR NUT NEUTRALITYBLUEMACAW,http://i.imgur.com/LaAjJHH.jpg,http://i.imgur.com/LaAjJHH.jpg
,SUNSET ON THE LAKEPICTURES-OF-POT,http://imgur.com/EWbowWK,http://imgur.com/EWbowWK
,TYPEWRITER GOLEMCREEPERSTAR,http://i.imgur.com/PPQQDEG.jpg,http://i.imgur.com/PPQQDEG.jpg
,A REMINDERSTARSTUFFT,http://i.imgur.com/2ETsCJf.jpg,http://i.imgur.com/2ETsCJf.jpg
,COSMIC HAIRTESHMEKI,https://imger.co/images/2017/07/11/ucvU.jpg,https://imger.co/images/2017/07/11/ucvU.jpg
,THE KING AND QUEEN OF LAST YEAR'S 'REDHEAD CONVENTION' IN IRELANDCRYINGHERO,https://imgur.com/1mZ4QCL,https://imgur.com/1mZ4QCL
,THE LEISURE OF ADAMYESTERDAYS_GRAVY,http://m.imgur.com/xsAZyi2?r,http://m.imgur.com/xsAZyi2?r
,STRIKE AT O'HAREDEVOPLUS19,http://i.imgur.com/IgueYL4.jpg,http://i.imgur.com/IgueYL4.jpg
,"3,500-YEAR-OLD UNFINISHED OBELISK IN EGYPTKUORTOS",https://m.imgur.com/gallery/F4uL9Ei,https://m.imgur.com/gallery/F4uL9Ei
,THIS IS WHAT HAPPENS WHEN YOU ACCIDENTALLY SPILL A HIGH EXPANSION FOAM FIRE PREVENTION SYSTEM IN THE LOUISVILLE DELTA AIRLINES HANGAR. - VIEW ON IMGURKUORTOS,https://m.imgur.com/t/funny/vBuPf,https://m.imgur.com/t/funny/vBuPf
,PAINTING DONE BY PABLO PICASSO WHEN HE WAS 15.DTNOIP30,https://i.imgur.com/FLnl7V6.jpg,https://i.imgur.com/FLnl7V6.jpg
,LOBSTER SHACK IN MEWHATDAFLOGNUT,http://imgur.com/gallery/OvzZtW1,http://imgur.com/gallery/OvzZtW1
,4YO'S SNEAKY SNACKLADY_OF_SHADOWS,http://imgur.com/anrhmsp,http://imgur.com/anrhmsp
,BEFORE AND AFTERPAPAWOLFF,https://imgur.com/KFOrvU7,https://imgur.com/KFOrvU7
,"""I CAPTURED THIS IMAGE FROM ABOUT 500M ABOVE GROUND IN ICELAND. THE WIND WAS VERY STRONG THAT DAY BUT I GAVE IT A TRY BECAUSE I REALLY WANTED TO SEE THIS RIVER STRUCTURES FROM ABOVE. IT WAS HARD TO FLY BUT MY DRONE WORKED PERFECTLY AND THE RESULTS ARE UNBELIEVABLE."" | PIC BY STEFAN BRENNERTHELOSTCRUSADER",https://i.imgur.com/cBe4oc9.jpg,https://i.imgur.com/cBe4oc9.jpg
,NICE TRY LONGHORNSMECHLECTIC19,https://imgur.com/rJGjOHI,https://imgur.com/rJGjOHI
,PLEASE DON'T GIVE THESE BONES TO YOUR DOG! THIS HAPPENS WAY TOO OFTENBUT_WHY_IS_IT_ITCHY,http://imgur.com/a/q8vHF,http://imgur.com/a/q8vHF
,"I SEE A LOT OF FOLKS SAYING TIERED PRICING FOR PARTICULAR WEBSITES WON'T/CAN'T ACTUALLY HAPPEN. CRUISE LINES HAVE BEEN DOING IT FOR YEARS. THIS IS OUR FUTURE. AND REDDIT'S THE DATA HOG ON MANY OF OUR PHONES, SO GET READY TO PAY FOR IT.JAYSUNH",https://m.imgur.com/robSQtY?r,https://m.imgur.com/robSQtY?r
,WHAT A VIEW-_CHRIS_-,https://imgur.com/xz2LH6l,https://imgur.com/xz2LH6l
,TWO REDDITORS ACCIDENTALLY PHOTOGRAPH EACH OTHER.COVMEISTER,http://i.imgur.com/NSNtT.jpg,http://i.imgur.com/NSNtT.jpg
,PREMIUM KOBE STEAKSAVVYFUCK,https://i.imgur.com/gOCva0G.jpg,https://i.imgur.com/gOCva0G.jpg
,THE INTERNET SPOKEENTERINOZ,https://m.imgur.com/a/vYVet,https://m.imgur.com/a/vYVet
,"ABANDONED HOME IN ST. LOUIS, MO. FAVORITE PICTURE I'VE TAKEN SO FAR AS AN AMATEUR PHOTOGRAPHER.PTBEARDEN",http://imgur.com/7NCJsFd,http://imgur.com/7NCJsFd
,THE VIEW FROM UPSTAIRSGREGGHOUSE,https://i.imgur.com/IVleHaF.png,https://i.imgur.com/IVleHaF.png
,GOT A GREAT CLOSE-UP OF A HUMMINGBIRD IN MY BACKYARDBIGMURPH26,http://i.imgur.com/2EWgScq.jpg,http://i.imgur.com/2EWgScq.jpg
,GOLD HILL IN THE MORNINGIAM4REAL,http://i.imgur.com/BzvbcrC.jpg,http://i.imgur.com/BzvbcrC.jpg
,NICE MUSTACHEBLOODYLIPSERVICE,https://i.imgur.com/DzaAddI.jpg,https://i.imgur.com/DzaAddI.jpg
,QUIET COBBLESTONE ALLEYONLYSAME1,http://i.imgur.com/3F7yD4P.jpg,http://i.imgur.com/3F7yD4P.jpg
,MONEY CAN BUY IT!GRIMMLOCK420,https://imgur.com/MT0CDzr,https://imgur.com/MT0CDzr
,LAKE BOHINJ AT NIGHTJERNEJOVC,http://imgur.com/0vOGBrT,http://imgur.com/0vOGBrT
,EXISTENCE IS PAIN.BEERFORBREAKFAST91,https://imgur.com/3BHmuJK,https://imgur.com/3BHmuJK
,MESSAGE IN A BOTTLESLEEKMR3,http://imgur.com/a/87VhH,http://imgur.com/a/87VhH
,CONCESSION PRICES AT THE ATLANTA FALCONS' NEW STADIUMBUNYIPPOUCH,http://i.imgur.com/zgVBDeX.jpg,http://i.imgur.com/zgVBDeX.jpg
,THIS PHOTOSHOPDANZE1984,http://i.imgur.com/qAejBah.jpg,http://i.imgur.com/qAejBah.jpg
,"HERE IS A PICTURE OF THE TIME I WENT ON ONE OF MY TRAVELS TO THE MALDIVES THAT I THOUGHT I WOULD SHARE WITH ALL OF YOU, BECAUSE I THINK YOU'LL LIKE TO SEE IT. TAKEN BY ME, KITTYKAT1986, WHILE ON VACATION. I HOPE YOU ALL LIKE IT VERY MUCH. IF YOU DON'T, THAT'S OKAY TOO.KITTYKAT1986",http://imgur.com/a/RplDE,http://imgur.com/a/RplDE
,"REMEMBER, IF YOU DON'T STAND UP FOR NET NEUTRALITY, THE INTERNET WILL END UP FAVORING THE WEALTHY!MATTREYU",http://imgur.com/QzBfnRR,http://imgur.com/QzBfnRR
,PEYTO LAKE SUPKLIF01,http://imgur.com/a/e6Osi,http://imgur.com/a/e6Osi
,SNOW ROLLERSLABTECHIT,http://imgur.com/v3ZOf8m,http://imgur.com/v3ZOf8m
,BERMUDA CAVESGOT_MEMES,https://imgur.com/gallery/bZFMG,https://imgur.com/gallery/bZFMG
,THAT'S NUTS...EINSTEINSAURA,http://i.imgur.com/oWJA00U.jpg,http://i.imgur.com/oWJA00U.jpg
,PERFECT TIMINGDOSSAMTOS,http://i.imgur.com/DLQFVWM.jpg,http://i.imgur.com/DLQFVWM.jpg
,TREBUCHET LONG EXPOSUREBUNYIPPOUCH,http://i.imgur.com/8xbvL7E.jpg,http://i.imgur.com/8xbvL7E.jpg
,WITCHER 3 COSPLAYSTHISSUBREDDITLOOKSCO,http://imgur.com/a/h3BSi,http://imgur.com/a/h3BSi
,SUNSET OVER THE LAKEHARVEYBIGB,https://imgur.com/1kuiZiz,https://imgur.com/1kuiZiz
,BLOBFISH PENDANTREDDY_FREDDY_,https://imgur.com/oOlQuL7,https://imgur.com/oOlQuL7
,AS IF FROM THIN AIRT1TAN5,http://i.imgur.com/q6UyqOq.jpg,http://i.imgur.com/q6UyqOq.jpg
,BEAUTIFUL SUNSETIMPAVIDVS,https://imgur.com/gallery/CK3DH,https://imgur.com/gallery/CK3DH
,AS A MOD OF PICS TODAY.LESSONS_LEARNT,https://media3.giphy.com/media/ToMjGpNuOksUiclTp4c/giphy.gif,https://media3.giphy.com/media/ToMjGpNuOksUiclTp4c/giphy.gif
,PELICAN SUNSETSTORMINXX,http://imgur.com/gallery/OGmq8,http://imgur.com/gallery/OGmq8
,LUNCH DRAWINGS 4 SONFRERMANISAWESOME,https://imgur.com/gallery/9i2Mq,https://imgur.com/gallery/9i2Mq
,I'M SO IMPRESSEDQUEEN_CAJ,https://m.imgur.com/gallery/xd9YU,https://m.imgur.com/gallery/xd9YU
,R/EVILBUILDINGS üò≥EVERY_FORM,https://i.imgur.com/hAVYJof.jpg,https://i.imgur.com/hAVYJof.jpg
,MY FRIENDS CAT IS A GOOD KITTY.PISCATOR629,http://imgur.com/knxEaLS,http://imgur.com/knxEaLS
,SOME NICE LENS FLAREIMPROVIS2,https://i.imgur.com/Oon0Bqb.jpg,https://i.imgur.com/Oon0Bqb.jpg
,POV OF DAD'S WORKASTRAW12,http://i.imgur.com/3eX4qtt.jpg,http://i.imgur.com/3eX4qtt.jpg
,I FOUND A PORTAL TO ANOTHER WORLDGREENEGGSNSPAGHETTI,https://i.imgur.com/z3drhEF.jpg,https://i.imgur.com/z3drhEF.jpg
,SUNSET AT ES VEDRAEIVISSAA,http://i.imgur.com/mbw5PZQ.jpg,http://i.imgur.com/mbw5PZQ.jpg
,PASSENGER GETS HELP NAVIGATING ONE OF THE NEW FACIAL RECOGNITION KIOSKS AT AIRPORT WHICH MAY SOON REPLACE BOARDING PASSES.TRAGICDONUT,https://i.imgur.com/hYIDGKL.jpg,https://i.imgur.com/hYIDGKL.jpg
,ZEUS IS PISSEDIRONYINTENDED2,http://i.imgur.com/VwI4jJW.jpg,http://i.imgur.com/VwI4jJW.jpg
,CHICAGO THIS MORNINGAMAASS2,https://imgur.com/OfGR0le,https://imgur.com/OfGR0le
,THIS GUY WAS COUNTER PROTESTING AT THE KLAN RALLY IN CHARLOTTESVILLE VIRGINIA OVER THE REMOVAL OF A CIVIL WAR STATUE.BRONIESNSTUFF,https://imgur.com/wljAGL2,https://imgur.com/wljAGL2
,FIDGET STEERERSMILEYPANTSUIT,http://imgur.com/0GIrOW0,http://imgur.com/0GIrOW0
,TIMEPENSTYLUSPLEASE,http://imgur.com/zmUvDDB,http://imgur.com/zmUvDDB
,A HANDFUL OF AWESOME BLOODBORNE COSPLAYS FOR YOU.KUORTOS,https://m.imgur.com/gallery/ZkyrK,https://m.imgur.com/gallery/ZkyrK
,MY KID HAD NEVER HEARD A DIAL TONELURKERMCLURKERTON,http://imgur.com/VeFPmYp,http://imgur.com/VeFPmYp
,BREAK TIMEXGUEROX,http://i.imgur.com/VlhyvvD.jpg,http://i.imgur.com/VlhyvvD.jpg
,[OC] SUMMER COOLINGROCKHEART54,http://i.imgur.com/WhfIbfJ.jpg,http://i.imgur.com/WhfIbfJ.jpg
,BRANCHES WIND THROUGH TREE HOUSE ADORNED W/ VINTAGE FURNITURE + COZY QUILTS IN 100 YEAR-OLD NORTHERN CALIFORNIA OAKSLYWEAZAL,http://i.imgur.com/r3mviNB.jpg,http://i.imgur.com/r3mviNB.jpg
,DOUBLE DECKER BICYCLEASKABOUTMYDUMBSITE,https://imgur.com/a/7KJKK,https://imgur.com/a/7KJKK
,LIGHTNING STRUCK THE FAIRWAY TODAYSABRE970,https://imgur.com/33yl0Rq,https://imgur.com/33yl0Rq
,MY CURTAINS ACTING AS A CAMERA OBSCURA (X-POST /R/MILDLYINTERESTING)KAWI-BAWI-BO,http://i.imgur.com/peJwT8X.jpg,http://i.imgur.com/peJwT8X.jpg
,MY LITTLE GREEN PALLC225,https://m.imgur.com/r/aww/ahKYp,https://m.imgur.com/r/aww/ahKYp
,A DELICIOUS BACON MAC AND CHEESE HOTDOG THAT I HAD AT A CUBS GAME AT WRIGLEY FIELD LAST SUMMER.MR_ABE_FROMAN,http://i.imgur.com/spqpPr1.png,http://i.imgur.com/spqpPr1.png
,THIS IS THE VIEW FROM THE LANDMARK TOWERIAM4REAL,http://i.imgur.com/GE4uG1q.jpg,http://i.imgur.com/GE4uG1q.jpg
,"""A PLANE DUSTS 1,200 SHEEP AGAINST TICKS WITH 10 PER CENT DDT POWDER, DICHLORODIPHENYLTRICHLOROETHANE, ON THE HOOVER RANCH IN MEDFORD, ORE. [OREGON, UNITED STATES OF AMERICA] IN 1948."" PHOTO CREDIT: AP PHOTOTROT-TROT",https://pix.avaxnews.com/avaxnews/a6/75/000475a6.jpeg,https://pix.avaxnews.com/avaxnews/a6/75/000475a6.jpeg
,NORWEGIAN SUNSETPAV0N,http://i.imgur.com/PcnnQKM.jpg,http://i.imgur.com/PcnnQKM.jpg
,MOUNT VESUVIUS TODAYHAZYSUMMERSKY,https://i.imgur.com/b14v3jU.jpg,https://i.imgur.com/b14v3jU.jpg
,HARD TIMESFLEASJOHNSON,http://imgur.com/W4hpSlI,http://imgur.com/W4hpSlI
,"WE WERE WATCHING THE CHANGING OF THE GUARD AT ARLINGTON THIS MORNING, AND A WHITE DOVE DECIDED TO STOP IN AND SAY HELLO.RALPH-HINKLEY",http://i.imgur.com/CG8dUGI.jpg,http://i.imgur.com/CG8dUGI.jpg
,SOMEONE'S GONNA LOSE THEIR JOB00TTT00,http://imgur.com/6tECarQ,http://imgur.com/6tECarQ
,SUNSET OVER MT. MAGLIƒÜ IN BOSNIA | PIC BY ADNAN BUBALOTHELOSTCRUSADER,https://i.imgur.com/WM6lfIS.jpg,https://i.imgur.com/WM6lfIS.jpg
,"DULUTH AERIAL LIFT BRIDGE ON JULY 4TH. THERE ARE LOTS OF BRIDGES IN THE WORLD, BUT THIS ONE IS MY FAVORITE.PYRONIC_CHAOS",http://i.imgur.com/uePpYNF.jpg,http://i.imgur.com/uePpYNF.jpg
,EXCUSE MEDUSTOFOBLIVION123,http://i.imgur.com/pfpVnK4.jpg,http://i.imgur.com/pfpVnK4.jpg
,JUST THE TIPOVERSTRETCHED_SLINKY,https://i.imgur.com/TNMpJ8m.jpg,https://i.imgur.com/TNMpJ8m.jpg
,GUN BELT OF AN SS OFFICER.LATHAM_2,http://i.imgur.com/UfAcGih.jpg,http://i.imgur.com/UfAcGih.jpg
,"""A SPARROW IS BEING FED AT A HOSPITAL FOR WILD BIRDS IN HORTOBAGY NATIONAL PARK, HUNGARY."" PUBLISHED ON 12 JULY 2017. PHOTO CREDIT: LASZLO BALOGH / REUTERSTROT-TROT",http://s3.reutersmedia.net/resources/r/?m=02&d=20170712&t=2&i=1192667935&w=&fh=&fw=&ll=&pl=&sq=&r=2017-07-12T122510Z_27287_MRPRC161CC8C2D0_RTRMADP_0_HUNGARY-BIRDHOSPITAL,http://s3.reutersmedia.net/resources/r/?m=02&d=20170712&t=2&i=1192667935&w=&fh=&fw=&ll=&pl=&sq=&r=2017-07-12T122510Z_27287_MRPRC161CC8C2D0_RTRMADP_0_HUNGARY-BIRDHOSPITAL
,"""IN THIS PHOTOGRAPH TAKEN ON JULY 8, 2017 AN INDIAN HINDU DEVOTEE PRAYS AMONGST FOAM IN THE POLLUTED YAMUNA RIVER IN NEW DELHI [INDIA]."" PHOTO CREDIT: DOMINIQUE FAGET / AFP PHOTOTROT-TROT",https://pix.avaxnews.com/avaxnews/3f/75/0004753f.jpeg,https://pix.avaxnews.com/avaxnews/3f/75/0004753f.jpeg
,'MURICACOSMICC,http://i.imgur.com/SWtsmyB.jpg,http://i.imgur.com/SWtsmyB.jpg
,MAMMATUS AFTER DARKKIRBYJW,https://www.flickr.com/photos/65962975@N06/35842434296/sizes/l,https://www.flickr.com/photos/65962975@N06/35842434296/sizes/l
,HIMALAYANSERENDIPITYADITYAV95,https://www.flickr.com/photos/adityavenkat/35714737452/in/dateposted-public/,https://www.flickr.com/photos/adityavenkat/35714737452/in/dateposted-public/
,"TOOK MY DOG FOR A WALK, CAME BACK TO THIS.MITLLO88",http://imgur.com/gallery/JhMEM,http://imgur.com/gallery/JhMEM
,LIMOUSINE BOAT SALETHEBILLCOSBY,http://imgur.com/wWRZaUt,http://imgur.com/wWRZaUt
,ONE BIG DUNE.MITHCEKI,https://imgur.com/a/AULq4#qG6nMqH,https://imgur.com/a/AULq4#qG6nMqH
,I CAN HONESTLY THANK REDDIT FOR THIS...BENDERTON,http://imgur.com/IKiN1Sa,http://imgur.com/IKiN1Sa
,YOU'RE HOW OLD?EDOWADOSHIN,http://i.imgur.com/Ae7uOU4.jpg,http://i.imgur.com/Ae7uOU4.jpg
,"LIGHTNING . . . TAMPA, FLORIDA, UNITED STATES OF AMERICATROT-TROT",https://www.flickr.com/photos/old_boone/28638107980/sizes/o/,https://www.flickr.com/photos/old_boone/28638107980/sizes/o/
,POWER OF THE STRETCHFOLKOV,http://i.imgur.com/2SPlcPU.jpg,http://i.imgur.com/2SPlcPU.jpg
,"AS A CCCP GOLD MEMBER WHENEVER I SEE A POOR, DOWNTRODDEN STARTER MEMBER POST ANYTHING ON /R/PICS TODAYANDR3WSKI",http://i.imgur.com/kmQeK.gifv,http://i.imgur.com/kmQeK.gifv
,NEW SKETCHBOOK!BLACK_OUT_RONIN,http://imgur.com/gallery/7EIBl,http://imgur.com/gallery/7EIBl
,PLEASE UPGRADE...THEPHOENIX3000,http://imgur.com/gallery/4P5Xg,http://imgur.com/gallery/4P5Xg
,ROACH SHRINE @ WORKMIKET1533,http://imgur.com/KXVvITo,http://imgur.com/KXVvITo
,MT. HOOD IN ALL IT'S GLORYPEACEFOURTWENTY,https://imgur.com/w62Wsp4,https://imgur.com/w62Wsp4
,WHOSE SIGNATURE?BLOODNOTE2617,https://imgur.com/shGGC6O,https://imgur.com/shGGC6O
,WATCHED A CHICKEN CROSS A HOUSTON ROAD.BEER_MADNESS,http://imgur.com/wYrAjHk,http://imgur.com/wYrAjHk
,ACTUAL REAL NEWS.THISISFRANTIC,http://imgur.com/a/gqv6f,http://imgur.com/a/gqv6f
,"WILD PRIMATES IN FLORIDA PARK: MONKEY SHENANIGANS ON RISE -- ""IN THIS JULY 3, 2017 PHOTO PROVIDED BY BRIAN PRITCHARD, A BAND OF NON-NATIVE RHESUS MACAQUES ARE SEEN ON PRITCHARD'S PROPERTY IN OCALA, FLA.""TROT-TROT",http://www.trbimg.com/img-5965de6c/turbine/sns-86e68a7b1752475fbbdcda8ea138dd6e-d20f8a6a0ff14591b22f1351ffdb4e5a-0-20170712,http://www.trbimg.com/img-5965de6c/turbine/sns-86e68a7b1752475fbbdcda8ea138dd6e-d20f8a6a0ff14591b22f1351ffdb4e5a-0-20170712
,HEAT SENSITIVE SHOWER TILESPROTEON,http://imgur.com/OwYxaLe.jpg,http://imgur.com/OwYxaLe.jpg
,"AFTER A LONG DAY AT WORK, I LIKE TO RELAX WITH A NICE COCKTAIL, TODAY I MADE ""THE LAST WORD"".MR_ABE_FROMAN",http://imgur.com/d4XGzEc,http://imgur.com/d4XGzEc
,"FOUND THIS VIEW AND FOR A MOMENT THOUGHT I WAS IN TIBET [YUNNAN, CHINA]FEELINGRAIN",http://imgur.com/n2F0k9Z,http://imgur.com/n2F0k9Z
,NOSEY ROSEYJIMIO,http://i.imgur.com/QshRf87.jpg,http://i.imgur.com/QshRf87.jpg
,MY FAVORITE PICTURETINYJ316,https://imgur.com/gallery/mahdy,https://imgur.com/gallery/mahdy
,ARE WE STILL DOING FIREWORKS PICTURES? DULUTH AERIAL LIFT BRIDGE ON JULY 4TH.PYRONIC_CHAOS,http://i.imgur.com/ynZKc6r.jpg,http://i.imgur.com/ynZKc6r.jpg
,AUTO POLOGREG-2012,https://upload.wikimedia.org/wikipedia/commons/6/67/Auto_polo_crop1.jpg,https://upload.wikimedia.org/wikipedia/commons/6/67/Auto_polo_crop1.jpg
,MRW I HAVE THE GOLD PICS PACKAGE AND AM ELIGIBLE TO POST GIFS ON THE SUBREDDITMAKEYOUAGIF,http://i.imgur.com/sjKc0ec.gifv,http://i.imgur.com/sjKc0ec.gifv
,BIRD VS. SHARKGHULSE,http://www.wordcentrist.net/bird_meets_shark.jpg,http://www.wordcentrist.net/bird_meets_shark.jpg
,"""GIRLS PLAY IN THE WATER DURING THE BALATON SOUND MUSIC FESTIVAL HELD ON THE SHORE OF LAKE BALATON IN ZAMARDI, WEST HUNGARY, ON JULY 9, 2017."" PHOTO CREDIT: SANDOR CSUDAI / ROCKSTAR PHOTOGRAPHERSTROT-TROT",https://pix.avaxnews.com/avaxnews/8d/75/0004758d.jpeg,https://pix.avaxnews.com/avaxnews/8d/75/0004758d.jpeg
,ALMSOT UNREALSOMUCHHAMILTON,http://i.imgur.com/XJ6gjeR.jpg,http://i.imgur.com/XJ6gjeR.jpg
,"HUMAN, WE NEED TO PICK UP NOM NOMSSPACEMONKEY512",http://i.imgur.com/8sQtt3E.jpg,http://i.imgur.com/8sQtt3E.jpg
,"BACK IN '77, MY MOM APPLIED TO BE AN ASTRONAUT. THIS IS THE LETTER NASA REPLIED WITH LETTING HER KNOW THAT SHE WASN'T CHOSEN.NOTBRENDAN",http://i.imgur.com/lk4Ucrm.jpg,http://i.imgur.com/lk4Ucrm.jpg
,ARMOR TATTOOPROTEON,http://imgur.com/35bNHwy.jpg,http://imgur.com/35bNHwy.jpg
,POOR PUPPYBVOTIC,http://imgur.com/pcHm7Vt,http://imgur.com/pcHm7Vt
,"LAKE NATRON, TANZANIAKONIKOI",http://imgur.com/a/9TVh1,http://imgur.com/a/9TVh1
,"""A GREY WHALE CALF POPS ITS HEAD OUT OF THE WATER IN, BAJA CALIFORNIA, MEXICO, MARCH 2017."" PHOTO CREDIT: MARK CARWARDINE / BARCROFT IMAGESTROT-TROT",https://pix.avaxnews.com/avaxnews/5c/75/0004755c.jpeg,https://pix.avaxnews.com/avaxnews/5c/75/0004755c.jpeg
,OLD PIC OF MY FINGERSCANIATEX,https://imgur.com/Vxn7P7L,https://imgur.com/Vxn7P7L
,CAN'T TELL IF GIANT MOTH OR GAY TARANTULAKATIE_BUG199116,https://imgur.com/0D1tjlQ,https://imgur.com/0D1tjlQ
,STINGRAY HIGH FIVE!SOLOBLUEBIRD,https://imgur.com/SHgEtJE,https://imgur.com/SHgEtJE
,JUST BOUGHT OUR FIRST HOUSE AND HAVE A BACKYARD NOW. THIS LOAF JUST SPENDS HIS DAYS MOVING FROM SPOT TO SPOT. I THINK HE LIKES ITPUFFERFISH1979,http://imgur.com/a8BzYl4,http://imgur.com/a8BzYl4
,WHEN THE MONSOONS FINALLY HIT ARIZONA. WE GET AMAZING SUNSETS.WIFE2EZMONEY,http://imgur.com/PD8aWqj,http://imgur.com/PD8aWqj
,"LIFE IN PINGYAO, CHINAJRSEIKALY",https://www.flickr.com/photos/jrseikaly/35695728332/,https://www.flickr.com/photos/jrseikaly/35695728332/
,WIFE LEARNED A VALUABLE COOKING LESSON TODAY. DON'T ADD COLD WATER TO A HOT GLASS CASSEROLE DISH..THE-D-MAN,http://i.imgur.com/QBtTz8Y.jpg,http://i.imgur.com/QBtTz8Y.jpg
,THIS ROSE IN MY MOM GARDEN LOOKS PRETTY COOLGREYCHILLSTEP,http://i.imgur.com/VhGelzI.jpg,http://i.imgur.com/VhGelzI.jpg
,"""PARNASSUS"", A FRESCO PAINTING BY ITALIAN ARTIST RAPHAEL IN THE RAPHAEL ROOMS (""STANZE DI RAFFAELLO""), IN THE PALACE OF THE VATICAN IN ROMEKC8",https://www.flickr.com/photos/fibia/35865773555/,https://www.flickr.com/photos/fibia/35865773555/
,WOULD BE A PERFECT DISNEY ADVERTIAM4REAL,http://i.imgur.com/OErNMrp.jpg,http://i.imgur.com/OErNMrp.jpg
,NEVER GETS OLDLASZLOOO,https://i.imgur.com/O0UjOJZ_d.jpg?maxwidth=640&shape=thumb&fidelity=high,https://i.imgur.com/O0UjOJZ_d.jpg?maxwidth=640&shape=thumb&fidelity=high
,"SOMETIMES IT'S IMPORTANT TO UNDERSTAND WHAT MAKES SOMETHING UNFAIR. YOU DON'T KNOW ME, BUT THIS IS WHAT MAKES ME ABLE TO POST SUCH A LONG STUPID TITLE. IT'S PRETTY DUMB. WHAT'S ALSO DUMB IS NOT SUPPORTING NET NEUTRALITY. CALL YOUR SENATOR, SO SHITBIRDS LIKE ME CAN'T RUIN THE INTERNET FOR YOU. 8===D~FRENZYBOARD",http://i.imgur.com/6jD7Ydr.png,http://i.imgur.com/6jD7Ydr.png
,LOST PLACE IN FRANCEBIG-DAD,http://i.imgur.com/jpVPFsk.jpg,http://i.imgur.com/jpVPFsk.jpg
,THE SOUTHERN RIGHT WHALE DOLPHINHONEYBUNYUMYUM,http://i.imgur.com/WHK3No7.jpg,http://i.imgur.com/WHK3No7.jpg
,"FEELIN WAVY IN SF, STANDING ON TWIN PEAKS WHEN I TOOK THISCANIBUMACIGBRO",https://imgur.com/gallery/M6Ro0,https://imgur.com/gallery/M6Ro0
,STREAMPUNK HUMMINGBIRDTENEBRARUMEQUES,http://pre06.deviantart.net/4d4b/th/pre/i/2010/317/a/6/steampunk_hummingbird_3_by_desertrubble-d32rl7r.jpg,http://pre06.deviantart.net/4d4b/th/pre/i/2010/317/a/6/steampunk_hummingbird_3_by_desertrubble-d32rl7r.jpg
,FRIEND TOOK THIS PICTURE OF A (SHORT BUT LOUD) SUMMER STORM HALF AN HOUR AGOMRMALTAMAN,http://i.imgur.com/B4ayv2g.jpg,http://i.imgur.com/B4ayv2g.jpg
,I WANT ONE OF THESE!SONICJUICE,http://i.imgur.com/KTTwzGF.jpg,http://i.imgur.com/KTTwzGF.jpg
,"UH, ON SECOND THOUGHT, I'M NOT REALLY THAT THIRSTY... [OC]HOSER25",https://imgur.com/cjOILs3,https://imgur.com/cjOILs3
,THIS MORNINGMISSS_ME,https://imgur.com/gallery/g2kPt,https://imgur.com/gallery/g2kPt
,POST-PRIME DAYCRYPHUS,https://imgur.com/wbIShAb,https://imgur.com/wbIShAb
,ATHLETIC AIR-RAID SHELTERS IN FINLANDPORTERFIELD33,http://i.imgur.com/6vnkRQO.jpg,http://i.imgur.com/6vnkRQO.jpg
,"IVE GOT YOU, BRO!WAMBAMTHANKYUMAM",http://i.imgur.com/wyCpZLC.jpg,http://i.imgur.com/wyCpZLC.jpg
,MY FRIENDS NEW LITTLE FRIENDDEATHTOTHEJUICE,https://i.imgur.com/NSYi7XR.jpg,https://i.imgur.com/NSYi7XR.jpg
,HERITAGE BY CAI GUO-QIANGBRAVEREDDIT,https://i.imgur.com/57FKdDd.jpg,https://i.imgur.com/57FKdDd.jpg
,I'D RATHER HOLD..PRIVACYACT,http://imgur.com/9TSZTSs,http://imgur.com/9TSZTSs
,DOG RIDING A WAVEJIYYA,http://imgur.com/a/fb3t4,http://imgur.com/a/fb3t4
,CUTE FACE.JOSETYLER,https://imgur.com/t/celebrity/Cs0l9,https://imgur.com/t/celebrity/Cs0l9
,SF AT NIGHT <MYPIC>CHUGHES868,http://i.imgur.com/nR65e8B.jpg,http://i.imgur.com/nR65e8B.jpg
,MAKE THESE TO DEAL WITH STRESSSOME_GIRL_IN_MARS,http://imgur.com/hRFC96K,http://imgur.com/hRFC96K
,THE STILL EXIST!ISRABLOF,http://imgur.com/f2hugEL,http://imgur.com/f2hugEL
,WOULD YOU LIKE AWNDRWMAN,http://i.imgur.com/UpEOYTU.jpg,http://i.imgur.com/UpEOYTU.jpg
,BOTH OVER AND UNDER!KEYTHKATZ,https://gfycat.com/MiserableMammothDromaeosaur,https://gfycat.com/MiserableMammothDromaeosaur
,"AFTER ""SO MUCH"" INTEREST IN MY BUTT PIC, HERE'S A UPDATEILEDOFFARD",http://i.imgur.com/o5vwBXV.jpg,http://i.imgur.com/o5vwBXV.jpg
,"SECOND LARGEST HOLE IN THE WORLD, MIR MINE, IS OPEN PIT DIAMOND MINEALOOFLOOFAH",https://imgur.com/a/Mmwrl,https://imgur.com/a/Mmwrl
,DOGE SALESSTARWIRE,http://i.imgur.com/zACzH5G.jpg,http://i.imgur.com/zACzH5G.jpg
,I CAN HONESTLY THANK REDDIT FOR THIS...DRPIGY,http://i.imgur.com/29urVpZ.jpg,http://i.imgur.com/29urVpZ.jpg
,"THE EXPLOSION OF CASTLE BRAVO, AMERICA'S FIRST HYDROGEN BOMBHARDYPART",http://i.imgur.com/RIU8aeN.jpg,http://i.imgur.com/RIU8aeN.jpg
,FOUND AN ENT ON THE APPALACHIAN TRAIL!TMBLWD,http://imgur.com/dimkOLl,http://imgur.com/dimkOLl
,YAKS HEADING TO EVEREST BASECAMP.ELEVATEYOURLIFELLC,http://imgur.com/CcvUiiX,http://imgur.com/CcvUiiX
,MY MOMMA NOSE TO NOSE WITH A BEARSTRANGERTOEARTH,https://imgur.com/zWsFDpT,https://imgur.com/zWsFDpT
,A HOTEL ON FLORIDA BEACH.TYCOONTIM46,https://imgur.com/R9Pjbzc,https://imgur.com/R9Pjbzc
,NOT ANYMORE...RARESATURN,http://i.imgur.com/23icE1a.jpg,http://i.imgur.com/23icE1a.jpg
,"PHOTOSHOP CUT OUT MURAL, ON AN ABANDONED CAR.GUACAMOLEFANATIC",https://i.imgur.com/5SaqvxE.jpg,https://i.imgur.com/5SaqvxE.jpg
,WORTH ALMOST GETTING ATTACKED [JAPANESE MACAQUE]THELITTLECHINK,http://i.imgur.com/XtNtWgN.jpg,http://i.imgur.com/XtNtWgN.jpg
,MY FRIEND ISN'T HURT. HE'S A FX MAKEUP ARTIST.ANIMATEDDAVID,http://imgur.com/UfoKUze,http://imgur.com/UfoKUze
,""" I - VEE ""... WINDOW ... !VEECORD",http://imgur.com/scRcsIV,http://imgur.com/scRcsIV
,THIS IS THE WALL CLOCK MY GRAND-GRAND-GRAND PARENTS GOT FOR THEIR MARRIAGE ~1900KAKASHI_BLACK,https://imgur.com/41GrgxP,https://imgur.com/41GrgxP
,DENVER [OC]NAHANYWAY,http://i.imgur.com/ImCJh3Q.jpg,http://i.imgur.com/ImCJh3Q.jpg
,LOVINGLY FOOLING YOU WITH OUR PACKAGING...SHEMP33,https://imgur.com/a/aMwaU,https://imgur.com/a/aMwaU
,"WIFE TOOK THIS WITH HER CELL PHONE AT GLACIER NATIONAL PARK. WE DIDN'T HAVE TO WAIT, HIKE OR EVEN FIGHT ANYONE.TRASHPANDASOUP",https://imgur.com/WjjvNlI,https://imgur.com/WjjvNlI
,MADE A NEW FRIEND.NBV1,http://i.imgur.com/vpfVGG0.jpg,http://i.imgur.com/vpfVGG0.jpg
,MERCEDES-BENZ BRINGS ITS HOME BATTERY TO THE USROSINEL,https://www.theverge.com/2017/5/18/15654046/mercedes-benz-home-battery-solar-panels-tesla-powerwall,https://www.theverge.com/2017/5/18/15654046/mercedes-benz-home-battery-solar-panels-tesla-powerwall
,"AFTER VISITING 17 NATIONAL PARKS, I THOUGHT I'D SEEN PEOPLE ENDANGER THEMSELVES IN EVERY POSSIBLE WAY, BUT THIS TAKES THE CAKE.HARMALA",http://i.imgur.com/tR5quVc.jpg,http://i.imgur.com/tR5quVc.jpg
,NET NEUTRALITY...SAILINGPATRICKSWAYZE,http://i.imgur.com/vKR35Sf.jpg,http://i.imgur.com/vKR35Sf.jpg
,IS HE LYING OR JUST REALLY HAPPY TO SEE ME?TIZMUFFIN,http://imgur.com/nLgLI5u,http://imgur.com/nLgLI5u
,SCIENCE HAS ENDED USJONNYPROPHET,https://imgur.com/wCmROvW,https://imgur.com/wCmROvW
,"2 YEARS AGO ME AND THE MISSO HIKED UP MT WALSH, QLD, AUSTRALIA. THIS WAS ABOUT HALF WAY UP.BLIPNOODLE",https://imgur.com/TW3if9g,https://imgur.com/TW3if9g
,HAPPY 161ST BIRTHDAY TO NIKOLA TESLA. THIS IS A STATUE OF HIM IN SILICON VALLEY THAT RADIATES FREE WIFI IN MEMORY OF HIS DREAM OF FREE POWER TO THE WHOLE WORLDTHEMANOFSTEEL13,http://i.imgur.com/gHCfwei.jpg,http://i.imgur.com/gHCfwei.jpg
,NEVER FORGET THE SACRIFICE OF OUR JOURNALISTSNAZI-JESUS,https://imgur.com/zRdJBXY,https://imgur.com/zRdJBXY
,SAW THIS GUY GROWING IN MY PARKING GARAGE.TYLERCREATESWORLDS,https://i.imgur.com/R3EasIG_d.jpg?maxwidth=640&shape=thumb&fidelity=high,https://i.imgur.com/R3EasIG_d.jpg?maxwidth=640&shape=thumb&fidelity=high
,A FRIEND OF MINE MADE ME A PINT GLASSPEPPY_BISMILK,http://i.imgur.com/j18nhFW.jpg,http://i.imgur.com/j18nhFW.jpg
,OOOOOO A FRIENDLY BEE!MYFETISH1234,http://imgur.com/eIsG5cl,http://imgur.com/eIsG5cl
,"CELEBRATING THE 100TH ANNIVERSARY OF THE BIRTH OF KIM IL-SUNG, NORTH KOREA‚ÄôS FOUNDERJIYYA",http://imgur.com/a/WecYR,http://imgur.com/a/WecYR
,DRAGONFLY CHILLIN OUT ON A HOT DAYWHOGOTTHEFUNK,https://imgur.com/6GxrMCv,https://imgur.com/6GxrMCv
,"""JAPANESE CHORUS GIRLS APPEAR TO BE DRILLING IN MILITARY TACTICS ATOP THEIR THEATER BUILDING AS THEY PERFORM SALUTES, JUNE 30, 1937. THE OFFICER IS FROM THE JAPANESE REGULAR ARMY AND SAYS THE GIRLS DISPLAY MORE RHYTHM IN THEIR DRILLS THAN DO THE REGULAR TROOPS."" PHOTO CREDIT: AP PHOTOTROT-TROT",https://pix.avaxnews.com/avaxnews/aa/75/000475aa.jpeg,https://pix.avaxnews.com/avaxnews/aa/75/000475aa.jpeg
,"PAUL STURGESS, TALLEST NBA PLAYER IN THE WORLD RIGHT NOW, VISITED WHERE I WAS COMPLETING MY WORK EXPERIENCE PLACEMENT! I'M ON THE RIGHT... 5 '7 FOR PERSPECTIVE.IXORPE",http://i.imgur.com/d70w1AA.jpg,http://i.imgur.com/d70w1AA.jpg
,MELON SHARKTOMALBERT3,https://imgur.com/gallery/3XfzQ,https://imgur.com/gallery/3XfzQ
,JUPITER'S RED SPOTPLUTO_AND_CHARON,http://www.unmannedspaceflight.com/index.php?act=attach&type=post&id=41732,http://www.unmannedspaceflight.com/index.php?act=attach&type=post&id=41732
,ROLLING SKATING BEAUTYLEWISMKELLY,http://i.imgur.com/cvhEkzI.jpg,http://i.imgur.com/cvhEkzI.jpg
,ALCOHOL + SUN + SLEEP =PIDIOTPONG,http://i.imgur.com/faMCLoQ.jpg,http://i.imgur.com/faMCLoQ.jpg
,"NICE BLCK KITTENS | IN NORTH WALSHAM, NORFOLK |NIDADAGU",http://i.imgur.com/M0z4aJD.jpg,http://i.imgur.com/M0z4aJD.jpg
,HIGHEST MOTORWAY IN THE UKIMODS,https://farm5.staticflickr.com/4305/35479504470_2ac70d9bce_b.jpg,https://farm5.staticflickr.com/4305/35479504470_2ac70d9bce_b.jpg
,MILLER MAUSOLEUM. FANTASTICALLY CREEPY. [OC]CORPULENTONE,https://imgur.com/gallery/JZnXW,https://imgur.com/gallery/JZnXW
,I SPOTTED SOMETHING CREPUSCULAR ON THE STREETS OF BOSTONXGUEROX,https://imgur.com/JVhJCaC,https://imgur.com/JVhJCaC
,ALWAYS TAKE THE BACK ROADSIAM4REAL,http://i.imgur.com/VI9ff3D.jpg,http://i.imgur.com/VI9ff3D.jpg
,MY FRIEND CHALLENGED CHINA TO JUMP UP AND DOWN WHILST HE TOOK A STAR TRAILS PICTURE. THIS IS THE RESULT.TURBO_CHUFFA,http://i.imgur.com/7wZmAFh.jpg,http://i.imgur.com/7wZmAFh.jpg
,BUDDY OF MINE WATCHING A LIGHTNING STORM AT 2AM.JIGGYJOE21,https://i.imgur.com/2yfgyZS.jpg,https://i.imgur.com/2yfgyZS.jpg
,FOUND A PICTURE OF BIRD PERSON FOR SALE TODAYSCREAMINGFURBY,https://imgur.com/1NYpdAT,https://imgur.com/1NYpdAT
,YEPBROWN_COAT_INDIANA,https://imgur.com/P5EgE0m,https://imgur.com/P5EgE0m
,VLADIMIR PUTIN MEETING KING FELIPE VI OF SPAINDNS4LYFE,https://upload.wikimedia.org/wikipedia/commons/2/2c/Vladimir_Putin_7_February_2002-1.jpg,https://upload.wikimedia.org/wikipedia/commons/2/2c/Vladimir_Putin_7_February_2002-1.jpg
,I MADE THIS 3-D CHALK ART FOR A JULY 4TH FESTIVAL LAST WEEK.PUNCHYMCSKELETOR,http://i.imgur.com/JAHpoBc.jpg,http://i.imgur.com/JAHpoBc.jpg
,TO CATCH A PREDATOROLIGARCHYOLIGARCHY,http://i.imgur.com/lvS3h7b.jpg,http://i.imgur.com/lvS3h7b.jpg
,WOKE UP AT 2:30 AM AND HIKED TO THE TOP OF MT. SI BY SUNRISE TO CAPTURE THIS SHOTTHEPEACHSTER,https://c1.staticflickr.com/5/4215/35018369053_c82930b529_b.jpg,https://c1.staticflickr.com/5/4215/35018369053_c82930b529_b.jpg
,"THE DEEPEST MAN MADE HOLE IN THE WORLD, AT 12,226 METERS (40,011 FEET) WELDED SHUT IN THE KOLA PENINSULA IN THE MIDDLE OF NOWHERE IN WESTERN RUSSIA, 2017.TM23246",https://imgur.com/TGp5BSo,https://imgur.com/TGp5BSo
,HE WON THIS AT AN AMUSEMENT PARK!CADAVERBLAQK,https://imgur.com/gallery/cbmoy,https://imgur.com/gallery/cbmoy
,"MY 7 Y.O. SON IS HOSTING A FAMILY DANCE PARTY THIS WEEKEND. HE ASKED US ALL TO CHOOSE A SONG, AND THIS IS THE PLAYLIST HE WROTE AS A RESULT. CAN YOU NAME THEM ALL?MACK3R",http://i.imgur.com/NP25v9t.jpg,http://i.imgur.com/NP25v9t.jpg
,CASTLE NEUSCHWANSTEINDRACO-DRACONIGEN,http://i.imgur.com/0IzXnOq.jpg,http://i.imgur.com/0IzXnOq.jpg
,"SCOTLAND, THE LAND OF GRASS.LOIJORDAN",http://i.imgur.com/uih5Zpd.jpg,http://i.imgur.com/uih5Zpd.jpg
,THIS LONG EXPOSURE OF A TREBUCHET HAS JUST BEEN POSTED IN R/TREBUCHETMEMES. IT LOOKS COOL.ADDISON92,http://i.imgur.com/RigWWt0.jpg,http://i.imgur.com/RigWWt0.jpg
,"THE OLD-FASHIONED ""MOON AND STARS"" WATERMELONLOLALOR",http://www.rareseeds.com/assets/1/14/DimRegular/Watermelon-Moon-and-Stars-WM153-web.jpg,http://www.rareseeds.com/assets/1/14/DimRegular/Watermelon-Moon-and-Stars-WM153-web.jpg
,"I'M BRUSHING UP ON LOOKING DOWN, I'M WORKING ON MY ROAR!LOVE_THE_HEAT",http://i.imgur.com/8ncW8S2.jpg,http://i.imgur.com/8ncW8S2.jpg
,US BANK STADIUM IS READY FOR THE X GAMES.EBDBBNBBLT,http://i.imgur.com/DceUNgB.jpg,http://i.imgur.com/DceUNgB.jpg
,TORNADO MEETS GASOLINE TANKER TRUCK - TRIES TO SUCK IT UP. WYOMING JUNE 12 2017SOUTH_DAKOTA_BOY,http://i.imgur.com/k1vWNqU.jpg,http://i.imgur.com/k1vWNqU.jpg
,HOLE PUNCH CLOUD PHENOMENON OVER MOSCOWPYRONIC_CHAOS,http://i.imgur.com/nvCArwK.jpg,http://i.imgur.com/nvCArwK.jpg
,THIS IS NOW WHAT WE HAD IN MIND FOR ‚ÄúTHE SCENE OF A WOMAN.‚ÄùMIRABELLERIEL,http://imgur.com/a/6tQJo,http://imgur.com/a/6tQJo
,"A PUBLIC, TWO-PERSON, SIT-DOWN SHOWER STALLSTIDESFORTY",https://imgur.com/9x8iMfl,https://imgur.com/9x8iMfl
,DULUTH'S NORTH PIER LIGHTHOUSE BEFORE SUNRISEEXITROW,https://imgur.com/gallery/qpk46,https://imgur.com/gallery/qpk46
,SHE HATES THE BOAT.FLOYD2000,http://i.imgur.com/CmaGLn9.jpg,http://i.imgur.com/CmaGLn9.jpg
,"EVERY 3 YEARS, ARCHIVE.ORG ARCHIVES THEIR OWN EMPLOYEESJILL-JENN",http://imgur.com/a/QddrV,http://imgur.com/a/QddrV
,OZZY CHARRED MARSHMALLOWGIRLPEARL,http://i.imgur.com/TkJEh9e.jpg,http://i.imgur.com/TkJEh9e.jpg
,"CRASH WENT THROUGH A SEMI IN ERIE,PA.IAMOZZ11",https://imgur.com/2k2zhkI,https://imgur.com/2k2zhkI
,MY DOG BEING MAJESTIC AF...KENZOLA863,https://imgur.com/Fmr3lKS,https://imgur.com/Fmr3lKS
,"BROKEN HIP, STILL FRESH. THUGMATACOTINO",http://imgur.com/wiRZOOY,http://imgur.com/wiRZOOY
,EDGAR ALLEN POE DAMERON COSPLAY AT CVG2017 BY BETH GRIMESI124NK8,https://i.imgur.com/bi7FWZb.jpg,https://i.imgur.com/bi7FWZb.jpg
,STRANGE CATERPILLARS AND THEIR FINAL FORMSFLEET-KYLERHEA,http://i.imgur.com/a/qJzhY,http://i.imgur.com/a/qJzhY
,ONE WORD: HOW?LORECHANO,http://i.imgur.com/XLOvHb7.jpg,http://i.imgur.com/XLOvHb7.jpg
,MADE FROM AN OLD BOWLING LANEPROTEON,http://imgur.com/p9QSleH.jpg,http://imgur.com/p9QSleH.jpg
,LA JUMENT LIGHTHOUSE GETS POUNDED BY HEAVY SEASAARONGUITARGUY,http://i.imgur.com/d8cZ7co.jpg,http://i.imgur.com/d8cZ7co.jpg
,THIS LICENSE PLATE CHOICE MAY NOT HAVE BEEN FULLY THOUGHT OUT.FATHERSTORM,http://imgur.com/gallery/3kscG,http://imgur.com/gallery/3kscG
,I WISH THIS WAS THE HOMEWORK POLICY WHEN I WAS IN SCHOOL..CHOTABEEM,http://imgur.com/a/hvlHX,http://imgur.com/a/hvlHX
,THIS CHECK-UP REMINDER FROM OUR VET.KELLSTAHH,https://imgur.com/Np8bwhs,https://imgur.com/Np8bwhs
,MY MOM'S GARDEN HAD THE SADDEST GRAPE...CARNAGEREAP,http://imgur.com/a/ujoLX,http://imgur.com/a/ujoLX
,REWARD POSTER IN RURAL NORTH CAROLINA GAS STATIONWORMUS,https://imgur.com/kqdygW8,https://imgur.com/kqdygW8
,AVOIDING INTERSTATES AROUND THE WESTERN US. WE HIT THE ROAD WITHOUT A TIMELINE OR A PARTICULAR PLAN AND THIS IS WHAT HAPPENED.SOUPDUJOUR13,http://imgur.com/a/3f7Fk,http://imgur.com/a/3f7Fk
,PEYTO LAKE ON AN EARLY SUMMER DAYGRIFFINDOW,https://imgur.com/gi2KyO1,https://imgur.com/gi2KyO1
,CHECK OUT PICS OF 10 CUTEST ANIMALS IN WORLDWORKBYSANAA,http://www.mytop10things.com/2017/07/03/top-10-cutest-animals-in-world/,http://www.mytop10things.com/2017/07/03/top-10-cutest-animals-in-world/
,A GIBBON SKELETON14THCENTURYHOOD,http://imgur.com/byf9gNE,http://imgur.com/byf9gNE
,I'M STILL HANGING IN THERE.OVERSETTDENEE,http://i.imgur.com/yTCpZFe.jpg,http://i.imgur.com/yTCpZFe.jpg
,I TOO HAD A GOD-TIER ENGLISH SHIRT SIGHTING IN CHINAZOMBEEZFOO,http://i.imgur.com/pUGCbz8.jpg,http://i.imgur.com/pUGCbz8.jpg
,BOATS ON THE WATER IN A FOG BANK OFF THE COAST OF MAINEOTP1144,https://i.imgur.com/MXEEthw.jpg,https://i.imgur.com/MXEEthw.jpg
,HATED MY LONGBOARD DESIGN. SO DECIDED TO REFINISH IT.RODLUND,http://i.imgur.com/e2truYP.jpg,http://i.imgur.com/e2truYP.jpg
,3 BUTTERFLIES IN UTAH.ADDERALL--,http://i.imgur.com/Uk0CVKM.jpg,http://i.imgur.com/Uk0CVKM.jpg
,ROOF TOP VIEW IN A NAMELESS CHINESE VILLAGE AT DUSKIAM4REAL,http://i.imgur.com/JbO2Mwe.jpg,http://i.imgur.com/JbO2Mwe.jpg
,MONSOON RAINS IN THE SANTA FE NATIONAL FORESTLETHRWAWY,http://i.imgur.com/dijtVss.jpg,http://i.imgur.com/dijtVss.jpg
,GOT A PHOTO OF THE ONE WORLD TRADE CENTER WHILE IN NYCBUMBLERNAMEDOY,https://i.imgur.com/of6VUFi.png,https://i.imgur.com/of6VUFi.png
,PADDLE YOUR OWN CANOEAMYBUBBLES07,http://i.imgur.com/DKD4ZYt.jpg,http://i.imgur.com/DKD4ZYt.jpg
,DOWNTOWN CHICAGO FROM THE FRANKLIN-ORLEANS STREET BRIDGE. TAKEN ON MY SHITTY PHONE CAMERADOODOODONKEY,http://i.imgur.com/FqlwzSQ.jpg,http://i.imgur.com/FqlwzSQ.jpg
,TRUMPORSISKGARYHAT,https://pbs.twimg.com/media/DEjLF0MWAAA9VAh.jpg:large,https://pbs.twimg.com/media/DEjLF0MWAAA9VAh.jpg:large
